ID,Category,resume_md
10000001,INFORMATION-TECHNOLOGY,"IT SUPPORT SPECIALIST

Name: Aisha Rahman
Email: aisha.rahman@example.com
GitHub: https://github.com/aisharahman
LinkedIn: https://www.linkedin.com/in/aisharahman/

Summary

Information Technology professional with 3 years of experience supporting users, endpoint environments, Microsoft 365, identity management, and small-business networks. Strong record of resolving technical issues, documenting recurring problems, and improving onboarding workflows.

Skills

|  |  |
| --- | --- |
| * Active Directory & Entra ID * Microsoft 365 * Windows/Linux | * TCP/IP, DNS & DHCP * Jira Service Management * PowerShell |

Experience

Northbridge Solutions    IT Support Specialist   03/2024 to Current

* Provide tier-1 and tier-2 support for 420 employees across Windows and macOS environments.
* Automated account provisioning and workstation setup with PowerShell, reducing average onboarding time by 35%.
* Maintained knowledge-base articles and analyzed recurring tickets to identify endpoint configuration issues.

CedarPoint Systems    IT Support Technician   06/2022 to 02/2024

* Resolved hardware, software, VPN, printer, and connectivity incidents through a centralized ticketing system.
* Deployed more than 180 laptops and configured Microsoft 365 accounts for new employees.

Education and Training

Bachelor of Science : Information Technology | 2022 | University of Illinois Chicago, Chicago, IL

Certifications: CompTIA A+, Microsoft Certified: Azure Fundamentals

Skills

* Active Directory & Entra ID
* Microsoft 365
* Windows/Linux
* TCP/IP, DNS & DHCP
* Jira Service Management
* PowerShell"
10000002,INFORMATION-TECHNOLOGY,"CLOUD INFRASTRUCTURE ENGINEER

Name: Marcus Bennett
Email: marcus.bennett@example.com
GitHub: https://github.com/marcusbennett
LinkedIn: https://www.linkedin.com/in/marcusbennett/

Summary

Cloud Infrastructure Engineer with 7 years of experience designing reliable AWS environments, automating infrastructure, and supporting enterprise Linux systems. Experienced in cloud migration, observability, security controls, and infrastructure-as-code.

Skills

|  |  |
| --- | --- |
| * AWS * Terraform * Linux | * Docker & Kubernetes * CI/CD * Cloud Security |

Experience

VertexCore Technologies    Cloud Infrastructure Engineer   01/2022 to Current

* Designed AWS infrastructure for customer-facing services across multiple availability zones.
* Implemented Terraform modules and CI/CD pipelines that standardized infrastructure deployments across 20+ services.
* Introduced centralized monitoring and alerting, reducing mean time to detect production incidents by 40%.

BlueOak Digital    Systems Engineer   07/2019 to 12/2021

* Administered Linux servers, VPN infrastructure, backups, and internal developer environments.
* Migrated selected workloads from physical servers to AWS while maintaining service continuity.

Education and Training

Master of Science : Information Systems | 2019 | Northeastern University, Boston, MA; Bachelor of Science : Computer Science | 2017 | University of Maine, Orono, ME

Certifications: AWS Certified Solutions Architect – Associate; HashiCorp Certified: Terraform Associate

Skills

* AWS
* Terraform
* Linux
* Docker & Kubernetes
* CI/CD
* Cloud Security"
10000003,INFORMATION-TECHNOLOGY,"IT SERVICE DESK ANALYST

Name: Daniel Ortiz
Email: daniel.ortiz@example.com

Summary

Customer-focused IT professional with experience supporting corporate users, SaaS applications, endpoint devices, and identity systems. Combines strong troubleshooting skills with clear communication and practical technical documentation.

Skills

|  |  |
| --- | --- |
| * ServiceNow * Microsoft 365 * Okta | * Windows 11 * Hardware Troubleshooting * ITIL |

Experience

Harborline Insurance    IT Service Desk Analyst   08/2023 to Current

* Manage approximately 45 support tickets per day covering access, software, endpoint, and connectivity issues.
* Supported Okta and Microsoft 365 access requests and assisted with employee onboarding and offboarding.
* Created troubleshooting guides that reduced repeat tickets for common software configuration issues.

Education and Training

Bachelor of Arts : Information Technology | 2023 | University of Central Florida, Orlando, FL

Certifications: ITIL 4 Foundation

Skills

* ServiceNow
* Microsoft 365
* Okta
* Windows 11
* Hardware Troubleshooting
* ITIL"
10000004,INFORMATION-TECHNOLOGY,"SYSTEMS ADMINISTRATOR

Name: Priya Nair
Email: priya.nair@example.com

Summary

Systems Administrator with 5 years of experience managing Windows and Linux servers, virtualization, backups, identity services, and internal networks. Comfortable working independently on infrastructure maintenance while collaborating with security and application teams.

Skills

|  |  |
| --- | --- |
| * Windows Server * Linux * VMware | * Active Directory * PowerShell * Backup & Disaster Recovery |

Experience

Medisphere Labs    Systems Administrator   04/2022 to Current

* Administer Windows and Linux servers supporting laboratory and corporate applications.
* Managed VMware virtual machines, backup schedules, patching cycles, and Active Directory group policies.
* Implemented backup validation procedures and documented recovery steps for critical systems.

Oakridge Manufacturing    Junior Systems Administrator   07/2021 to 03/2022

* Supported server maintenance, user access management, endpoint configuration, and network troubleshooting.

Education and Training

Bachelor of Science : Computer Information Systems | 2021 | University of South Florida, Tampa, FL

Certifications: CompTIA Network+; Microsoft Certified: Windows Server Hybrid Administrator Associate

Skills

* Windows Server
* Linux
* VMware
* Active Directory
* PowerShell
* Backup & Disaster Recovery"
10000005,ENGINEERING,"MECHANICAL DESIGN ENGINEER

Name: Ethan Miller
Email: ethan.miller@example.com

Summary

Mechanical Design Engineer with 4 years of experience developing manufacturable components, assemblies, and prototypes for industrial equipment. Experienced in CAD modeling, tolerance analysis, design reviews, and collaboration with manufacturing teams.

Skills

|  |  |
| --- | --- |
| * SolidWorks * AutoCAD * GD&T | * FEA * Design for Manufacturing * 3D Printing |

Experience

Apex Industrial Systems    Mechanical Design Engineer   02/2023 to Current

* Designed mechanical assemblies and production components using SolidWorks and GD&T standards.
* Performed tolerance stack-ups and basic FEA analysis to support design decisions.
* Collaborated with manufacturing engineers to resolve drawing and assembly issues before production.

Vector Fabrication    Mechanical Engineering Intern   06/2021 to 01/2023

* Created detailed manufacturing drawings and assisted with prototype fabrication and testing.

Education and Training

Bachelor of Science : Mechanical Engineering | 2021 | University of Minnesota, Minneapolis, MN

Certification: Autodesk Certified Professional – AutoCAD

Skills

* SolidWorks
* AutoCAD
* GD&T
* FEA
* Design for Manufacturing
* 3D Printing"
10000006,ENGINEERING,"SENIOR ELECTRICAL ENGINEER

Name: Sofia Chen
Email: sofia.chen@example.com
GitHub: https://github.com/sofiachen
LinkedIn: https://www.linkedin.com/in/sofiachen/

Summary

Electrical Engineer with 8 years of experience in embedded hardware development, PCB design, power electronics, and product verification. Experienced in taking hardware from prototype through validation while coordinating with firmware and manufacturing teams.

Skills

|  |  |
| --- | --- |
| * PCB Design * Altium Designer * Embedded Systems | * Oscilloscope & Logic Analyzer * Power Electronics * C/C++ |

Experience

Helio Robotics    Senior Electrical Engineer   05/2021 to Current

* Lead electrical architecture and PCB development for autonomous robotic platforms.
* Designed power distribution and sensor interface circuits and coordinated board bring-up with firmware engineers.
* Established hardware validation procedures that improved prototype test coverage across three product lines.

Nova Embedded    Electrical Engineer   08/2018 to 04/2021

* Designed mixed-signal PCBs and supported environmental testing and manufacturing release activities.

Education and Training

Master of Science : Electrical Engineering | 2018 | University of Colorado Boulder, Boulder, CO; Bachelor of Science : Electrical Engineering | 2016 | Oregon State University, Corvallis, OR

Certification: IPC CID+

Skills

* PCB Design
* Altium Designer
* Embedded Systems
* Oscilloscope & Logic Analyzer
* Power Electronics
* C/C++"
10000007,ENGINEERING,"MANUFACTURING ENGINEER

Name: Liam Foster
Email: liam.foster@example.com

Summary

Manufacturing Engineer with 5 years of experience improving production processes, reducing waste, and supporting new product introduction. Strong background in process documentation, root-cause analysis, lean manufacturing, and production data analysis.

Skills

|  |  |
| --- | --- |
| * Lean Manufacturing * Six Sigma * Process Improvement | * CAD * Root Cause Analysis * Excel |

Experience

Summit Components    Manufacturing Engineer   09/2021 to Current

* Improved assembly workflows using time studies and process mapping, reducing average cycle time by 18%.
* Led root-cause investigations for recurring production defects and coordinated corrective actions.
* Created standardized work instructions for newly introduced production lines.

Everline Manufacturing    Engineering Intern   05/2020 to 08/2021

* Collected production data and supported process capability studies and continuous-improvement projects.

Education and Training

Bachelor of Science : Industrial Engineering | 2020 | Purdue University, West Lafayette, IN

Certifications: Lean Six Sigma Green Belt

Skills

* Lean Manufacturing
* Six Sigma
* Process Improvement
* CAD
* Root Cause Analysis
* Excel"
10000008,DIGITAL-MEDIA,"DIGITAL CONTENT PRODUCER

Name: Olivia Brooks
Email: olivia.brooks@example.com
GitHub: https://github.com/oliviabrooks
LinkedIn: https://www.linkedin.com/in/oliviabrooks/

Summary

Digital Media professional with 4 years of experience producing video, social content, branded graphics, and multimedia campaigns. Skilled in Adobe Creative Cloud, content planning, post-production, and adapting visual assets for multiple digital platforms.

Skills

|  |  |
| --- | --- |
| * Premiere Pro * After Effects * Photoshop | * Illustrator * Content Strategy * Color Grading |

Experience

BrightFrame Media    Digital Content Producer   01/2023 to Current

* Produced and edited short-form and long-form video content for web, social media, and internal campaigns.
* Developed motion graphics and branded templates that improved consistency across recurring content series.
* Coordinated production schedules, asset management, captions, exports, and final delivery.

Studio North    Production Assistant   06/2021 to 12/2022

* Assisted with studio shoots, lighting, camera preparation, editing, and media organization.

Education and Training

Bachelor of Arts : Digital Media | 2021 | DePaul University, Chicago, IL

Award: Regional Digital Storytelling Award, 2023

Skills

* Premiere Pro
* After Effects
* Photoshop
* Illustrator
* Content Strategy
* Color Grading"
10000009,DIGITAL-MEDIA,"VIDEO EDITOR & MOTION DESIGNER

Name: Noah Williams
Email: noah.williams@example.com

Summary

Creative video specialist with 6 years of experience editing promotional, educational, and social content. Combines strong visual storytelling with technical post-production skills and experience managing high-volume media libraries.

Skills

|  |  |
| --- | --- |
| * Premiere Pro * After Effects * DaVinci Resolve | * Cinema 4D * Sound Editing * Motion Graphics |

Experience

Signal Creative    Video Editor & Motion Designer   03/2020 to Current

* Edit weekly promotional and educational videos from raw footage through final delivery.
* Create animated titles, lower thirds, transitions, and explanatory motion graphics for digital campaigns.
* Organized a searchable media archive covering more than 8 TB of production assets.

Canvas House    Junior Video Editor   07/2018 to 02/2020

* Edited social clips, interviews, and event highlights while supporting studio production teams.

Education and Training

Bachelor of Fine Arts : Film Production | 2018 | Savannah College of Art and Design, Savannah, GA

Certification: Adobe Certified Professional in Video Design

Skills

* Premiere Pro
* After Effects
* DaVinci Resolve
* Cinema 4D
* Sound Editing
* Motion Graphics"
10000010,DIGITAL-MEDIA,"SOCIAL MEDIA CONTENT COORDINATOR

Name: Maya Patel
Email: maya.patel@example.com

Summary

Digital media graduate with 2 years of experience creating social-first visual content and coordinating publishing workflows. Strong understanding of short-form video, audience analytics, visual branding, and content calendars.

Skills

|  |  |
| --- | --- |
| * Canva * Premiere Pro * Photoshop | * TikTok/Reels * Content Calendars * Analytics |

Experience

UrbanLeaf Collective    Social Media Content Coordinator   05/2024 to Current

* Create and schedule short-form video, graphics, and photography for Instagram, TikTok, and YouTube Shorts.
* Track engagement metrics and test different creative formats to improve content performance.
* Coordinate weekly content calendars with marketing and community teams.

Education and Training

Bachelor of Arts : Digital Media | 2024 | Temple University, Philadelphia, PA

Volunteer: Produced promotional videos for a local community arts organization

Skills

* Canva
* Premiere Pro
* Photoshop
* TikTok/Reels
* Content Calendars
* Analytics"
10000011,DATA-SCIENCE,"DATA SCIENTIST

Name: Arjun Mehta
Email: arjun.mehta@example.com
GitHub: https://github.com/arjunmehta
LinkedIn: https://www.linkedin.com/in/arjunmehta/

Summary

Data Scientist with 4 years of experience applying statistical modeling and machine learning to customer, operational, and product datasets. Experienced in Python, SQL, feature engineering, model evaluation, and communicating analytical findings to business stakeholders.

Skills

|  |  |
| --- | --- |
| * Python * SQL * Pandas & NumPy | * Scikit-Learn * Statistics * Power BI |

Experience

Finora Analytics    Data Scientist   02/2023 to Current

* Develop predictive models for customer retention and operational forecasting using Python and scikit-learn.
* Built reusable data-preparation pipelines that reduced manual analysis time for recurring reports.
* Presented model results and business recommendations to product and operations teams.

MarketBridge    Data Analyst   07/2021 to 01/2023

* Analyzed customer behavior and created SQL-based reporting dashboards for business stakeholders.

Education and Training

Master of Science : Data Science | 2021 | University of Maryland, College Park, MD; Bachelor of Engineering : Computer Engineering | 2019 | Rutgers University, New Brunswick, NJ

Certification: Microsoft Certified: Power BI Data Analyst Associate

Skills

* Python
* SQL
* Pandas & NumPy
* Scikit-Learn
* Statistics
* Power BI"
10000012,DATA-SCIENCE,"MACHINE LEARNING ENGINEER

Name: Grace Thompson
Email: grace.thompson@example.com
GitHub: https://github.com/gracethompson
LinkedIn: https://www.linkedin.com/in/gracethompson/

Summary

Machine Learning Engineer with 5 years of experience building NLP and recommendation systems and deploying models into production. Strong background in Python, PyTorch, experiment tracking, model evaluation, and cloud-based ML workflows.

Skills

|  |  |
| --- | --- |
| * Python * PyTorch * Transformers | * MLflow * AWS * NLP |

Experience

Lexicon AI    Machine Learning Engineer   06/2021 to Current

* Develop NLP models for document classification, entity extraction, and semantic search.
* Built PyTorch training pipelines with MLflow experiment tracking and automated evaluation.
* Deployed inference services on AWS and collaborated with software engineers on production monitoring.

DataForge    Data Scientist   07/2019 to 05/2021

* Developed classification and ranking models for customer support and search applications.

Education and Training

Master of Science : Computer Science | 2019 | University of Georgia, Athens, GA; Bachelor of Science : Statistics | 2017 | University of Tennessee, Knoxville, TN

Award: Internal Innovation Award for NLP Search Project, 2023

Skills

* Python
* PyTorch
* Transformers
* MLflow
* AWS
* NLP"
10000013,DATA-SCIENCE,"JUNIOR DATA ANALYST

Name: Samuel Okafor
Email: samuel.okafor@example.com

Summary

Analytical Data Science graduate with internship experience in data cleaning, SQL reporting, exploratory analysis, and dashboard development. Interested in applying statistical and programming skills to business and operational datasets.

Skills

|  |  |
| --- | --- |
| * Python * SQL * Excel | * Pandas * Tableau * Data Visualization |

Experience

CivicMetrics    Data Analyst Intern   06/2025 to 09/2025

* Cleaned survey and operational datasets using Python and Pandas before recurring reporting cycles.
* Wrote SQL queries to combine customer and transaction data for weekly business reports.
* Built Tableau dashboards showing trends in service volume, response time, and customer satisfaction.

Education and Training

Bachelor of Science : Data Science | 2025 | University of Cincinnati, Cincinnati, OH

Volunteer: Taught introductory spreadsheet and data literacy workshops at a community center

Skills

* Python
* SQL
* Excel
* Pandas
* Tableau
* Data Visualization"
10000014,FINANCE,"FINANCIAL ANALYST

Name: Emily Carter
Email: emily.carter@example.com
GitHub: https://github.com/emilycarter
LinkedIn: https://www.linkedin.com/in/emilycarter/

Summary

Financial Analyst with 4 years of experience in FP&A, financial reporting, budgeting, variance analysis, and management reporting. Advanced Excel user with experience building models that support operational planning and executive decision-making.

Skills

|  |  |
| --- | --- |
| * Financial Modeling * Excel * FP&A | * Variance Analysis * Power BI * SQL |

Experience

Westbrook Retail Group    Financial Analyst   01/2023 to Current

* Maintain monthly forecasting models covering revenue, operating expenses, and departmental budgets.
* Analyze actual-versus-budget performance and prepare management reporting packages.
* Built Power BI dashboards that consolidated financial and operational indicators for business reviews.

Pioneer Services    Finance Associate   07/2021 to 12/2022

* Supported month-end close, account reconciliations, expense analysis, and annual budget preparation.

Education and Training

Bachelor of Science : Finance | 2021 | Indiana University Bloomington, Bloomington, IN

Certification: Microsoft Certified: Power BI Data Analyst Associate

Skills

* Financial Modeling
* Excel
* FP&A
* Variance Analysis
* Power BI
* SQL"
10000015,FINANCE,"SENIOR CORPORATE FINANCE MANAGER

Name: James Wilson
Email: james.wilson@example.com

Summary

Corporate finance professional with 9 years of experience in FP&A, strategic planning, capital allocation, and management reporting. Experienced in leading forecasting cycles and translating financial performance into actionable business analysis.

Skills

|  |  |
| --- | --- |
| * Corporate FP&A * Financial Modeling * Budgeting | * Forecasting * SAP * Executive Reporting |

Experience

Atlas Consumer Brands    Senior Corporate Finance Manager   04/2020 to Current

* Lead annual planning and quarterly forecasting for business units with combined revenue exceeding $180M.
* Develop scenario models for pricing, hiring, capital investment, and operating-cost decisions.
* Manage a team of five analysts responsible for monthly reporting and variance analysis.

Crestline Foods    Financial Analyst   08/2016 to 03/2020

* Prepared forecasts, management reports, and profitability analyses for multiple product categories.

Education and Training

Master of Business Administration : Finance | 2016 | University of North Carolina at Chapel Hill, Chapel Hill, NC; Bachelor of Science : Economics | 2014 | University of Georgia, Athens, GA

Certification: CFA Institute Investment Foundations

Skills

* Corporate FP&A
* Financial Modeling
* Budgeting
* Forecasting
* SAP
* Executive Reporting"
10000016,FINANCE,"ACCOUNTING ASSOCIATE

Name: Sophia Nguyen
Email: sophia.nguyen@example.com

Summary

Detail-oriented accounting professional with 3 years of experience supporting accounts payable, reconciliations, month-end close, and financial record maintenance. Comfortable working with ERP systems, Excel, and high-volume transaction data.

Skills

|  |  |
| --- | --- |
| * Accounts Payable * Bank Reconciliation * Excel | * QuickBooks * Month-End Close * ERP |

Experience

Greenfield Logistics    Accounting Associate   09/2023 to Current

* Process vendor invoices, payment requests, and account reconciliations for a multi-site organization.
* Assist with month-end close activities and investigate discrepancies between subledgers and general ledger balances.
* Improved invoice tracking procedures by introducing standardized digital documentation.

Education and Training

Bachelor of Science : Accounting | 2023 | University of Nevada, Reno, NV

Volunteer: Treasurer for a university alumni association

Skills

* Accounts Payable
* Bank Reconciliation
* Excel
* QuickBooks
* Month-End Close
* ERP"
10000017,HUMAN-RESOURCES,"HR COORDINATOR

Name: Hannah Lee
Email: hannah.lee@example.com
GitHub: https://github.com/hannahlee
LinkedIn: https://www.linkedin.com/in/hannahlee/

Summary

Human Resources professional with 3 years of experience supporting recruitment, onboarding, employee records, HRIS administration, and internal communications. Known for organized coordination and careful handling of confidential employee information.

Skills

|  |  |
| --- | --- |
| * Recruiting Coordination * Workday * Onboarding | * HRIS * Employee Records * Microsoft Office |

Experience

BrightPath Software    HR Coordinator   02/2024 to Current

* Coordinate interview scheduling, candidate communication, onboarding, and employee documentation for a 500-person organization.
* Maintain employee records and assist with Workday data updates and recurring HR reports.
* Created onboarding checklists that standardized the new-hire process across multiple departments.

Oak & Pine Consulting    HR Assistant   06/2022 to 01/2024

* Supported recruitment administration, employee file maintenance, and HR event coordination.

Education and Training

Bachelor of Arts : Human Resources Management | 2022 | University of Georgia, Athens, GA

Certification: SHRM-CP

Skills

* Recruiting Coordination
* Workday
* Onboarding
* HRIS
* Employee Records
* Microsoft Office"
10000018,HUMAN-RESOURCES,"TALENT ACQUISITION MANAGER

Name: Michael Johnson
Email: michael.johnson@example.com

Summary

Talent acquisition professional with 8 years of experience building recruiting programs for technology and professional-services organizations. Experienced in workforce planning, sourcing strategy, interview processes, employer branding, and recruiting analytics.

Skills

|  |  |
| --- | --- |
| * Talent Acquisition * Workforce Planning * LinkedIn Recruiter | * ATS * Employer Branding * Recruiting Analytics |

Experience

CloudWorks Group    Talent Acquisition Manager   01/2021 to Current

* Lead a team of six recruiters supporting engineering, product, sales, and corporate hiring.
* Develop sourcing strategies and hiring plans for technical roles across multiple regions.
* Introduced recruiting dashboards that improved visibility into pipeline conversion and time-to-fill metrics.

Nexa Consulting    Senior Recruiter   05/2017 to 12/2020

* Managed full-cycle recruitment for technology and consulting positions and partnered with hiring managers on workforce plans.

Education and Training

Bachelor of Science : Business Administration | 2016 | University of Texas at Dallas, Richardson, TX

Award: Talent Acquisition Excellence Award, 2022

Skills

* Talent Acquisition
* Workforce Planning
* LinkedIn Recruiter
* ATS
* Employer Branding
* Recruiting Analytics"
10000019,HUMAN-RESOURCES,"PEOPLE OPERATIONS SPECIALIST

Name: Rachel Adams
Email: rachel.adams@example.com

Summary

People Operations specialist with 4 years of experience supporting employee lifecycle processes, HR systems, benefits administration, internal communications, and workplace programs. Strong interest in improving employee-facing HR processes through automation and analytics.

Skills

|  |  |
| --- | --- |
| * People Operations * HRIS * Benefits Administration | * Employee Engagement * Excel * Process Improvement |

Experience

Mosaic HealthTech    People Operations Specialist   03/2022 to Current

* Manage employee lifecycle transactions, benefits coordination, HRIS updates, and internal people operations requests.
* Partner with payroll and benefits vendors to resolve employee questions and data discrepancies.
* Mapped HR workflows and introduced standardized request forms for recurring people operations processes.

Education and Training

Bachelor of Arts : Organizational Psychology | 2022 | University of Washington, Seattle, WA

Volunteer: Career mentor for first-generation university students

Skills

* People Operations
* HRIS
* Benefits Administration
* Employee Engagement
* Excel
* Process Improvement"
10000020,MARKETING,"DIGITAL MARKETING SPECIALIST

Name: Lucas Martin
Email: lucas.martin@example.com
GitHub: https://github.com/lucasmartin
LinkedIn: https://www.linkedin.com/in/lucasmartin/

Summary

Digital Marketing Specialist with 4 years of experience in paid media, SEO, email campaigns, content strategy, and performance analytics. Uses data-driven experimentation to improve acquisition, engagement, and conversion across digital channels.

Skills

|  |  |
| --- | --- |
| * Google Ads * SEO/SEM * GA4 | * HubSpot * Email Marketing * A/B Testing |

Experience

Northstar Commerce    Digital Marketing Specialist   02/2023 to Current

* Manage paid search and social campaigns while monitoring acquisition cost, conversion rate, and channel performance.
* Build GA4 reports and weekly performance summaries for marketing and product teams.
* Coordinate email campaigns and A/B tests that improved click-through rates across several customer segments.

MarketLane Agency    Marketing Coordinator   06/2021 to 01/2023

* Supported SEO research, social content, campaign reporting, and email marketing for multiple client accounts.

Education and Training

Bachelor of Science : Marketing | 2021 | University of Colorado Denver, Denver, CO

Certification: Google Analytics Certification; HubSpot Email Marketing Certification

Skills

* Google Ads
* SEO/SEM
* GA4
* HubSpot
* Email Marketing
* A/B Testing"
10000021,MARKETING,"BRAND MARKETING MANAGER

Name: Isabella Garcia
Email: isabella.garcia@example.com

Summary

Brand marketing professional with 7 years of experience developing positioning, integrated campaigns, content strategy, and product launch programs. Experienced in collaborating with creative, sales, product, and executive teams.

Skills

|  |  |
| --- | --- |
| * Brand Strategy * Campaign Management * Product Marketing | * Market Research * Content Strategy * GTM |

Experience

Aster Consumer Tech    Brand Marketing Manager   05/2020 to Current

* Lead integrated brand campaigns across digital, social, partnerships, and retail channels.
* Develop positioning and messaging frameworks for new product launches in collaboration with product and sales teams.
* Manage external creative agencies and coordinate campaign measurement with marketing analytics.

BlueSky Brands    Marketing Manager   07/2017 to 04/2020

* Managed campaign calendars, market research, content development, and product launch communications.

Education and Training

Bachelor of Arts : Communications | 2017 | University of Southern California, Los Angeles, CA

Award: Brand Campaign of the Year, 2021

Skills

* Brand Strategy
* Campaign Management
* Product Marketing
* Market Research
* Content Strategy
* GTM"
10000022,MARKETING,"MARKETING ANALYST

Name: Ryan Cooper
Email: ryan.cooper@example.com

Summary

Marketing Analyst with 3 years of experience using customer and campaign data to evaluate acquisition, retention, and channel performance. Strong SQL, Excel, dashboarding, and statistical analysis skills with practical marketing experience.

Skills

|  |  |
| --- | --- |
| * SQL * Excel * Tableau | * GA4 * Marketing Analytics * Customer Segmentation |

Experience

Evergreen Marketplace    Marketing Analyst   08/2023 to Current

* Analyze campaign and customer data to evaluate acquisition channels, conversion funnels, and retention trends.
* Build Tableau dashboards used by marketing managers for weekly performance reviews.
* Develop customer segments using SQL and behavioral indicators to support targeted campaigns.

Pulse Digital    Marketing Data Intern   06/2022 to 07/2023

* Prepared campaign reports and analyzed email, paid media, and website performance metrics.

Education and Training

Bachelor of Science : Marketing Analytics | 2022 | Arizona State University, Tempe, AZ

Certification: Tableau Desktop Specialist

Skills

* SQL
* Excel
* Tableau
* GA4
* Marketing Analytics
* Customer Segmentation"
10000023,INFORMATION-TECHNOLOGY,"NETWORK ADMINISTRATOR

Name: Nora Williams
Email: nora.williams@example.com
GitHub: https://github.com/norawilliams
LinkedIn: https://www.linkedin.com/in/norawilliams/

Summary

Technology professional with hands-on experience supporting enterprise systems, troubleshooting technical issues, and improving IT operations. Comfortable working across users, infrastructure, documentation, and security requirements.

Skills

|  |  |
| --- | --- |
| * Systems Administration * Networking * Cloud Platforms | * Troubleshooting * ITSM * Scripting |

Experience

Pioneer Group    Network Administrator   01/2023 to Current

* Manage core responsibilities as a network administrator while collaborating with cross-functional teams on operational and project priorities.
* Improved recurring workflows and documentation, helping the team handle routine work more consistently and efficiently.
* Prepared reports, technical or business deliverables, and stakeholder updates using relevant tools and established processes.

Oakline Services    IT Specialist   06/2021 to 12/2022

* Supported day-to-day information-technology activities and contributed to team projects under senior staff guidance.
* Maintained accurate records and prepared materials used for reporting, planning, or project execution.

Education and Training

Master of Science : Information Technology | 2022 | State University, USA

Certification: CompTIA Network+; Award: Team Excellence Recognition, 2024; Volunteer: Community skills workshop mentor

Skills

* Systems Administration
* Networking
* Cloud Platforms
* Troubleshooting
* ITSM
* Scripting"
10000024,INFORMATION-TECHNOLOGY,"CYBERSECURITY ANALYST

Name: Kevin Shah
Email: kevin.shah@example.com
GitHub: https://github.com/kevinshah
LinkedIn: https://www.linkedin.com/in/kevinshah/

Summary

Technology professional with hands-on experience supporting enterprise systems, troubleshooting technical issues, and improving IT operations. Comfortable working across users, infrastructure, documentation, and security requirements.

Skills

|  |  |
| --- | --- |
| * Systems Administration * Networking * Cloud Platforms | * Troubleshooting * ITSM * Scripting |

Experience

Summit Works    Cybersecurity Analyst   01/2023 to Current

* Manage core responsibilities as a cybersecurity analyst while collaborating with cross-functional teams on operational and project priorities.
* Improved recurring workflows and documentation, helping the team handle routine work more consistently and efficiently.
* Prepared reports, technical or business deliverables, and stakeholder updates using relevant tools and established processes.

Metro Systems    IT Specialist   06/2021 to 12/2022

* Supported day-to-day information-technology activities and contributed to team projects under senior staff guidance.
* Maintained accurate records and prepared materials used for reporting, planning, or project execution.

Education and Training

Master of Science : Information Technology | 2022 | State University, USA

Certification: CompTIA Network+

Skills

* Systems Administration
* Networking
* Cloud Platforms
* Troubleshooting
* ITSM
* Scripting"
10000025,INFORMATION-TECHNOLOGY,"TECHNICAL SUPPORT ENGINEER

Name: Laura Kim
Email: laura.kim@example.com

Summary

Technology professional with hands-on experience supporting enterprise systems, troubleshooting technical issues, and improving IT operations. Comfortable working across users, infrastructure, documentation, and security requirements.

Skills

|  |  |
| --- | --- |
| * Systems Administration * Networking * Cloud Platforms | * Troubleshooting * ITSM * Scripting |

Experience

Cedar Labs    Technical Support Engineer   01/2023 to Current

* Manage core responsibilities as a technical support engineer while collaborating with cross-functional teams on operational and project priorities.
* Improved recurring workflows and documentation, helping the team handle routine work more consistently and efficiently.
* Prepared reports, technical or business deliverables, and stakeholder updates using relevant tools and established processes.

Riverstone Group    IT Specialist   06/2021 to 12/2022

* Supported day-to-day information-technology activities and contributed to team projects under senior staff guidance.
* Maintained accurate records and prepared materials used for reporting, planning, or project execution.

Education and Training

Master of Science : Information Technology | 2022 | State University, USA

Certification: CompTIA Network+

Skills

* Systems Administration
* Networking
* Cloud Platforms
* Troubleshooting
* ITSM
* Scripting"
10000026,ENGINEERING,"CIVIL ENGINEER

Name: Carlos Rivera
Email: carlos.rivera@example.com

Summary

Engineering professional with practical experience in design, analysis, testing, and process improvement. Skilled at translating technical requirements into reliable solutions and collaborating with multidisciplinary teams.

Skills

|  |  |
| --- | --- |
| * CAD * Engineering Analysis * Technical Documentation | * Prototyping * Quality Systems * Project Coordination |

Experience

Horizon Partners    Civil Engineer   01/2023 to Current

* Manage core responsibilities as a civil engineer while collaborating with cross-functional teams on operational and project priorities.
* Improved recurring workflows and documentation, helping the team handle routine work more consistently and efficiently.
* Prepared reports, technical or business deliverables, and stakeholder updates using relevant tools and established processes.

Northstar Labs    Engineering Intern   06/2021 to 12/2022

* Supported day-to-day engineering activities and contributed to team projects under senior staff guidance.
* Maintained accurate records and prepared materials used for reporting, planning, or project execution.

Education and Training

Bachelor of Science : Engineering | 2021 | State University, USA

Certification: Engineer-in-Training (EIT)

Skills

* CAD
* Engineering Analysis
* Technical Documentation
* Prototyping
* Quality Systems
* Project Coordination"
10000027,ENGINEERING,"PROCESS ENGINEER

Name: Mei Zhang
Email: mei.zhang@example.com

Summary

Engineering professional with practical experience in design, analysis, testing, and process improvement. Skilled at translating technical requirements into reliable solutions and collaborating with multidisciplinary teams.

Skills

|  |  |
| --- | --- |
| * CAD * Engineering Analysis * Technical Documentation | * Prototyping * Quality Systems * Project Coordination |

Experience

BluePeak Solutions    Process Engineer   01/2023 to Current

* Manage core responsibilities as a process engineer while collaborating with cross-functional teams on operational and project priorities.
* Improved recurring workflows and documentation, helping the team handle routine work more consistently and efficiently.
* Prepared reports, technical or business deliverables, and stakeholder updates using relevant tools and established processes.

Oakline Services    Engineering Intern   06/2021 to 12/2022

* Supported day-to-day engineering activities and contributed to team projects under senior staff guidance.
* Maintained accurate records and prepared materials used for reporting, planning, or project execution.

Education and Training

Bachelor of Science : Engineering | 2021 | State University, USA

Certification: Engineer-in-Training (EIT); Award: Team Excellence Recognition, 2024

Skills

* CAD
* Engineering Analysis
* Technical Documentation
* Prototyping
* Quality Systems
* Project Coordination"
10000028,ENGINEERING,"AUTOMATION ENGINEER

Name: Jordan Reed
Email: jordan.reed@example.com

Summary

Engineering professional with practical experience in design, analysis, testing, and process improvement. Skilled at translating technical requirements into reliable solutions and collaborating with multidisciplinary teams.

Skills

|  |  |
| --- | --- |
| * CAD * Engineering Analysis * Technical Documentation | * Prototyping * Quality Systems * Project Coordination |

Experience

Pioneer Group    Automation Engineer   01/2023 to Current

* Manage core responsibilities as a automation engineer while collaborating with cross-functional teams on operational and project priorities.
* Improved recurring workflows and documentation, helping the team handle routine work more consistently and efficiently.
* Prepared reports, technical or business deliverables, and stakeholder updates using relevant tools and established processes.

Metro Systems    Engineering Intern   06/2021 to 12/2022

* Supported day-to-day engineering activities and contributed to team projects under senior staff guidance.
* Maintained accurate records and prepared materials used for reporting, planning, or project execution.

Education and Training

Bachelor of Science : Engineering | 2021 | State University, USA

Certification: Engineer-in-Training (EIT); Volunteer: Community skills workshop mentor

Skills

* CAD
* Engineering Analysis
* Technical Documentation
* Prototyping
* Quality Systems
* Project Coordination"
10000029,DIGITAL-MEDIA,"MULTIMEDIA DESIGNER

Name: Evelyn Scott
Email: evelyn.scott@example.com

Summary

Digital media professional experienced in creating visual and multimedia content for web, social, and brand communications. Strong combination of creative production, post-processing, organization, and audience awareness.

Skills

|  |  |
| --- | --- |
| * Adobe Creative Cloud * Video Editing * Graphic Design | * Content Production * Social Media * Digital Storytelling |

Experience

Summit Works    Multimedia Designer   01/2023 to Current

* Manage core responsibilities as a multimedia designer while collaborating with cross-functional teams on operational and project priorities.
* Improved recurring workflows and documentation, helping the team handle routine work more consistently and efficiently.
* Prepared reports, technical or business deliverables, and stakeholder updates using relevant tools and established processes.

Riverstone Group    Media Assistant   06/2021 to 12/2022

* Supported day-to-day digital-media activities and contributed to team projects under senior staff guidance.
* Maintained accurate records and prepared materials used for reporting, planning, or project execution.

Education and Training

Bachelor of Arts : Digital Media | 2022 | State University, USA

Certification: Adobe Certified Professional

Skills

* Adobe Creative Cloud
* Video Editing
* Graphic Design
* Content Production
* Social Media
* Digital Storytelling"
10000030,DIGITAL-MEDIA,"CONTENT PRODUCER

Name: Andre Lewis
Email: andre.lewis@example.com

Summary

Digital media professional experienced in creating visual and multimedia content for web, social, and brand communications. Strong combination of creative production, post-processing, organization, and audience awareness.

Skills

|  |  |
| --- | --- |
| * Adobe Creative Cloud * Video Editing * Graphic Design | * Content Production * Social Media * Digital Storytelling |

Experience

Cedar Labs    Content Producer   01/2023 to Current

* Manage core responsibilities as a content producer while collaborating with cross-functional teams on operational and project priorities.
* Improved recurring workflows and documentation, helping the team handle routine work more consistently and efficiently.
* Prepared reports, technical or business deliverables, and stakeholder updates using relevant tools and established processes.

Northstar Labs    Media Assistant   06/2021 to 12/2022

* Supported day-to-day digital-media activities and contributed to team projects under senior staff guidance.
* Maintained accurate records and prepared materials used for reporting, planning, or project execution.

Education and Training

Bachelor of Arts : Digital Media | 2022 | State University, USA

Certification: Adobe Certified Professional

Skills

* Adobe Creative Cloud
* Video Editing
* Graphic Design
* Content Production
* Social Media
* Digital Storytelling"
10000031,DIGITAL-MEDIA,"UX CONTENT DESIGNER

Name: Chloe Evans
Email: chloe.evans@example.com

Summary

Digital media professional experienced in creating visual and multimedia content for web, social, and brand communications. Strong combination of creative production, post-processing, organization, and audience awareness.

Skills

|  |  |
| --- | --- |
| * Adobe Creative Cloud * Video Editing * Graphic Design | * Content Production * Social Media * Digital Storytelling |

Experience

Horizon Partners    UX Content Designer   01/2023 to Current

* Manage core responsibilities as a ux content designer while collaborating with cross-functional teams on operational and project priorities.
* Improved recurring workflows and documentation, helping the team handle routine work more consistently and efficiently.
* Prepared reports, technical or business deliverables, and stakeholder updates using relevant tools and established processes.

Oakline Services    Media Assistant   06/2021 to 12/2022

* Supported day-to-day digital-media activities and contributed to team projects under senior staff guidance.
* Maintained accurate records and prepared materials used for reporting, planning, or project execution.

Education and Training

Bachelor of Arts : Digital Media | 2022 | State University, USA

Certification: Adobe Certified Professional; Award: Team Excellence Recognition, 2024

Skills

* Adobe Creative Cloud
* Video Editing
* Graphic Design
* Content Production
* Social Media
* Digital Storytelling"
10000032,DATA-SCIENCE,"DATA ANALYST

Name: Fatima Ali
Email: fatima.ali@example.com

Summary

Data professional with experience preparing datasets, building analytical models, and communicating findings through visualizations and reports. Strong foundation in statistics, Python, SQL, and machine learning workflows.

Skills

|  |  |
| --- | --- |
| * Python * SQL * Statistics | * Pandas * Machine Learning * Data Visualization |

Experience

BluePeak Solutions    Data Analyst   01/2023 to Current

* Manage core responsibilities as a data analyst while collaborating with cross-functional teams on operational and project priorities.
* Improved recurring workflows and documentation, helping the team handle routine work more consistently and efficiently.
* Prepared reports, technical or business deliverables, and stakeholder updates using relevant tools and established processes.

Metro Systems    Data Analyst   06/2021 to 12/2022

* Supported day-to-day data-science activities and contributed to team projects under senior staff guidance.
* Maintained accurate records and prepared materials used for reporting, planning, or project execution.

Education and Training

Master of Science : Data Science | 2022 | State University, USA

Certification: Google Advanced Data Analytics

Skills

* Python
* SQL
* Statistics
* Pandas
* Machine Learning
* Data Visualization"
10000033,DATA-SCIENCE,"ML RESEARCH ASSISTANT

Name: Henry Brown
Email: henry.brown@example.com

Summary

Data professional with experience preparing datasets, building analytical models, and communicating findings through visualizations and reports. Strong foundation in statistics, Python, SQL, and machine learning workflows.

Skills

|  |  |
| --- | --- |
| * Python * SQL * Statistics | * Pandas * Machine Learning * Data Visualization |

Experience

Pioneer Group    ML Research Assistant   01/2023 to Current

* Manage core responsibilities as a ml research assistant while collaborating with cross-functional teams on operational and project priorities.
* Improved recurring workflows and documentation, helping the team handle routine work more consistently and efficiently.
* Prepared reports, technical or business deliverables, and stakeholder updates using relevant tools and established processes.

Riverstone Group    Data Analyst   06/2021 to 12/2022

* Supported day-to-day data-science activities and contributed to team projects under senior staff guidance.
* Maintained accurate records and prepared materials used for reporting, planning, or project execution.

Education and Training

Master of Science : Data Science | 2022 | State University, USA

Certification: Google Advanced Data Analytics; Volunteer: Community skills workshop mentor

Skills

* Python
* SQL
* Statistics
* Pandas
* Machine Learning
* Data Visualization"
10000034,DATA-SCIENCE,"BUSINESS INTELLIGENCE ANALYST

Name: Natalie Kim
Email: natalie.kim@example.com

Summary

Data professional with experience preparing datasets, building analytical models, and communicating findings through visualizations and reports. Strong foundation in statistics, Python, SQL, and machine learning workflows.

Skills

|  |  |
| --- | --- |
| * Python * SQL * Statistics | * Pandas * Machine Learning * Data Visualization |

Experience

Summit Works    Business Intelligence Analyst   01/2023 to Current

* Manage core responsibilities as a business intelligence analyst while collaborating with cross-functional teams on operational and project priorities.
* Improved recurring workflows and documentation, helping the team handle routine work more consistently and efficiently.
* Prepared reports, technical or business deliverables, and stakeholder updates using relevant tools and established processes.

Northstar Labs    Data Analyst   06/2021 to 12/2022

* Supported day-to-day data-science activities and contributed to team projects under senior staff guidance.
* Maintained accurate records and prepared materials used for reporting, planning, or project execution.

Education and Training

Master of Science : Data Science | 2022 | State University, USA

Certification: Google Advanced Data Analytics

Skills

* Python
* SQL
* Statistics
* Pandas
* Machine Learning
* Data Visualization"
10000035,FINANCE,"FP&A ANALYST

Name: Robert Davis
Email: robert.davis@example.com

Summary

Finance professional with experience in financial analysis, reporting, forecasting, and business planning. Strong quantitative skills and practical experience working with financial systems and large spreadsheet models.

Skills

|  |  |
| --- | --- |
| * Excel * Financial Modeling * Forecasting | * Financial Reporting * Budgeting * ERP Systems |

Experience

Cedar Labs    FP&A Analyst   01/2023 to Current

* Manage core responsibilities as a fp&a analyst while collaborating with cross-functional teams on operational and project priorities.
* Improved recurring workflows and documentation, helping the team handle routine work more consistently and efficiently.
* Prepared reports, technical or business deliverables, and stakeholder updates using relevant tools and established processes.

Oakline Services    Finance Associate   06/2021 to 12/2022

* Supported day-to-day finance activities and contributed to team projects under senior staff guidance.
* Maintained accurate records and prepared materials used for reporting, planning, or project execution.

Education and Training

Bachelor of Science : Finance | 2021 | State University, USA

Certification: Bloomberg Market Concepts; Award: Team Excellence Recognition, 2024

Skills

* Excel
* Financial Modeling
* Forecasting
* Financial Reporting
* Budgeting
* ERP Systems"
10000036,FINANCE,"SENIOR ACCOUNTANT

Name: Amelia Clark
Email: amelia.clark@example.com

Summary

Finance professional with experience in financial analysis, reporting, forecasting, and business planning. Strong quantitative skills and practical experience working with financial systems and large spreadsheet models.

Skills

|  |  |
| --- | --- |
| * Excel * Financial Modeling * Forecasting | * Financial Reporting * Budgeting * ERP Systems |

Experience

Horizon Partners    Senior Accountant   01/2023 to Current

* Manage core responsibilities as a senior accountant while collaborating with cross-functional teams on operational and project priorities.
* Improved recurring workflows and documentation, helping the team handle routine work more consistently and efficiently.
* Prepared reports, technical or business deliverables, and stakeholder updates using relevant tools and established processes.

Metro Systems    Finance Associate   06/2021 to 12/2022

* Supported day-to-day finance activities and contributed to team projects under senior staff guidance.
* Maintained accurate records and prepared materials used for reporting, planning, or project execution.

Education and Training

Bachelor of Science : Finance | 2021 | State University, USA

Certification: Bloomberg Market Concepts

Skills

* Excel
* Financial Modeling
* Forecasting
* Financial Reporting
* Budgeting
* ERP Systems"
10000037,FINANCE,"INVESTMENT ANALYST

Name: Thomas Green
Email: thomas.green@example.com

Summary

Finance professional with experience in financial analysis, reporting, forecasting, and business planning. Strong quantitative skills and practical experience working with financial systems and large spreadsheet models.

Skills

|  |  |
| --- | --- |
| * Excel * Financial Modeling * Forecasting | * Financial Reporting * Budgeting * ERP Systems |

Experience

BluePeak Solutions    Investment Analyst   01/2023 to Current

* Manage core responsibilities as a investment analyst while collaborating with cross-functional teams on operational and project priorities.
* Improved recurring workflows and documentation, helping the team handle routine work more consistently and efficiently.
* Prepared reports, technical or business deliverables, and stakeholder updates using relevant tools and established processes.

Riverstone Group    Finance Associate   06/2021 to 12/2022

* Supported day-to-day finance activities and contributed to team projects under senior staff guidance.
* Maintained accurate records and prepared materials used for reporting, planning, or project execution.

Education and Training

Bachelor of Science : Finance | 2021 | State University, USA

Certification: Bloomberg Market Concepts

Skills

* Excel
* Financial Modeling
* Forecasting
* Financial Reporting
* Budgeting
* ERP Systems"
10000038,HUMAN-RESOURCES,"RECRUITING COORDINATOR

Name: Sarah Mitchell
Email: sarah.mitchell@example.com

Summary

Human Resources professional experienced in employee lifecycle administration, recruiting support, HR systems, and people programs. Strong organizational skills and a practical approach to improving HR processes.

Skills

|  |  |
| --- | --- |
| * Recruiting * HRIS * Onboarding | * Employee Relations * HR Analytics * Microsoft Office |

Experience

Pioneer Group    Recruiting Coordinator   01/2023 to Current

* Manage core responsibilities as a recruiting coordinator while collaborating with cross-functional teams on operational and project priorities.
* Improved recurring workflows and documentation, helping the team handle routine work more consistently and efficiently.
* Prepared reports, technical or business deliverables, and stakeholder updates using relevant tools and established processes.

Northstar Labs    HR Assistant   06/2021 to 12/2022

* Supported day-to-day human-resources activities and contributed to team projects under senior staff guidance.
* Maintained accurate records and prepared materials used for reporting, planning, or project execution.

Education and Training

Bachelor of Arts : Human Resources | 2021 | State University, USA

Certification: SHRM-CP; Volunteer: Community skills workshop mentor

Skills

* Recruiting
* HRIS
* Onboarding
* Employee Relations
* HR Analytics
* Microsoft Office"
10000039,HUMAN-RESOURCES,"HR BUSINESS PARTNER

Name: David Wilson
Email: david.wilson@example.com

Summary

Human Resources professional experienced in employee lifecycle administration, recruiting support, HR systems, and people programs. Strong organizational skills and a practical approach to improving HR processes.

Skills

|  |  |
| --- | --- |
| * Recruiting * HRIS * Onboarding | * Employee Relations * HR Analytics * Microsoft Office |

Experience

Summit Works    HR Business Partner   01/2023 to Current

* Manage core responsibilities as a hr business partner while collaborating with cross-functional teams on operational and project priorities.
* Improved recurring workflows and documentation, helping the team handle routine work more consistently and efficiently.
* Prepared reports, technical or business deliverables, and stakeholder updates using relevant tools and established processes.

Oakline Services    HR Assistant   06/2021 to 12/2022

* Supported day-to-day human-resources activities and contributed to team projects under senior staff guidance.
* Maintained accurate records and prepared materials used for reporting, planning, or project execution.

Education and Training

Bachelor of Arts : Human Resources | 2021 | State University, USA

Certification: SHRM-CP; Award: Team Excellence Recognition, 2024

Skills

* Recruiting
* HRIS
* Onboarding
* Employee Relations
* HR Analytics
* Microsoft Office"
10000040,HUMAN-RESOURCES,"LEARNING & DEVELOPMENT SPECIALIST

Name: Emma Turner
Email: emma.turner@example.com

Summary

Human Resources professional experienced in employee lifecycle administration, recruiting support, HR systems, and people programs. Strong organizational skills and a practical approach to improving HR processes.

Skills

|  |  |
| --- | --- |
| * Recruiting * HRIS * Onboarding | * Employee Relations * HR Analytics * Microsoft Office |

Experience

Cedar Labs    Learning & Development Specialist   01/2023 to Current

* Manage core responsibilities as a learning & development specialist while collaborating with cross-functional teams on operational and project priorities.
* Improved recurring workflows and documentation, helping the team handle routine work more consistently and efficiently.
* Prepared reports, technical or business deliverables, and stakeholder updates using relevant tools and established processes.

Metro Systems    HR Assistant   06/2021 to 12/2022

* Supported day-to-day human-resources activities and contributed to team projects under senior staff guidance.
* Maintained accurate records and prepared materials used for reporting, planning, or project execution.

Education and Training

Bachelor of Arts : Human Resources | 2021 | State University, USA

Certification: SHRM-CP

Skills

* Recruiting
* HRIS
* Onboarding
* Employee Relations
* HR Analytics
* Microsoft Office"
10000041,MARKETING,"CONTENT MARKETING SPECIALIST

Name: Benjamin Hall
Email: benjamin.hall@example.com

Summary

Marketing professional with experience supporting integrated campaigns, digital channels, content programs, and marketing analytics. Combines creative communication with quantitative analysis and campaign measurement.

Skills

|  |  |
| --- | --- |
| * Campaign Management * Digital Marketing * Analytics | * Content Strategy * SEO * CRM |

Experience

Horizon Partners    Content Marketing Specialist   01/2023 to Current

* Manage core responsibilities as a content marketing specialist while collaborating with cross-functional teams on operational and project priorities.
* Improved recurring workflows and documentation, helping the team handle routine work more consistently and efficiently.
* Prepared reports, technical or business deliverables, and stakeholder updates using relevant tools and established processes.

Riverstone Group    Marketing Assistant   06/2021 to 12/2022

* Supported day-to-day marketing activities and contributed to team projects under senior staff guidance.
* Maintained accurate records and prepared materials used for reporting, planning, or project execution.

Education and Training

Bachelor of Science : Marketing | 2021 | State University, USA

Certification: Google Ads Certification

Skills

* Campaign Management
* Digital Marketing
* Analytics
* Content Strategy
* SEO
* CRM"
10000042,MARKETING,"GROWTH MARKETING MANAGER

Name: Ava Robinson
Email: ava.robinson@example.com

Summary

Marketing professional with experience supporting integrated campaigns, digital channels, content programs, and marketing analytics. Combines creative communication with quantitative analysis and campaign measurement.

Skills

|  |  |
| --- | --- |
| * Campaign Management * Digital Marketing * Analytics | * Content Strategy * SEO * CRM |

Experience

BluePeak Solutions    Growth Marketing Manager   01/2023 to Current

* Manage core responsibilities as a growth marketing manager while collaborating with cross-functional teams on operational and project priorities.
* Improved recurring workflows and documentation, helping the team handle routine work more consistently and efficiently.
* Prepared reports, technical or business deliverables, and stakeholder updates using relevant tools and established processes.

Northstar Labs    Marketing Assistant   06/2021 to 12/2022

* Supported day-to-day marketing activities and contributed to team projects under senior staff guidance.
* Maintained accurate records and prepared materials used for reporting, planning, or project execution.

Education and Training

Bachelor of Science : Marketing | 2021 | State University, USA

Certification: Google Ads Certification

Skills

* Campaign Management
* Digital Marketing
* Analytics
* Content Strategy
* SEO
* CRM"
10000043,MARKETING,"MARKETING COORDINATOR

Name: William Harris
Email: william.harris@example.com

Summary

Marketing professional with experience supporting integrated campaigns, digital channels, content programs, and marketing analytics. Combines creative communication with quantitative analysis and campaign measurement.

Skills

|  |  |
| --- | --- |
| * Campaign Management * Digital Marketing * Analytics | * Content Strategy * SEO * CRM |

Experience

Pioneer Group    Marketing Coordinator   01/2023 to Current

* Manage core responsibilities as a marketing coordinator while collaborating with cross-functional teams on operational and project priorities.
* Improved recurring workflows and documentation, helping the team handle routine work more consistently and efficiently.
* Prepared reports, technical or business deliverables, and stakeholder updates using relevant tools and established processes.

Oakline Services    Marketing Assistant   06/2021 to 12/2022

* Supported day-to-day marketing activities and contributed to team projects under senior staff guidance.
* Maintained accurate records and prepared materials used for reporting, planning, or project execution.

Education and Training

Bachelor of Science : Marketing | 2021 | State University, USA

Certification: Google Ads Certification; Award: Team Excellence Recognition, 2024; Volunteer: Community skills workshop mentor

Skills

* Campaign Management
* Digital Marketing
* Analytics
* Content Strategy
* SEO
* CRM"
10000044,INFORMATION-TECHNOLOGY,"IT PROJECT COORDINATOR

Name: Elena Rossi
Email: elena.rossi@example.com
GitHub: https://github.com/elenarossi
LinkedIn: https://www.linkedin.com/in/elenarossi/

Summary

Technology professional with hands-on experience supporting enterprise systems, troubleshooting technical issues, and improving IT operations. Comfortable working across users, infrastructure, documentation, and security requirements.

Skills

|  |  |
| --- | --- |
| * Systems Administration * Networking * Cloud Platforms | * Troubleshooting * ITSM * Scripting |

Experience

Silverline Group    IT Project Coordinator   02/2023 to Current

* Coordinate and deliver information-technology projects and recurring activities while working with internal stakeholders.
* Developed standardized workflows and documentation that improved consistency across routine team processes.
* Prepared detailed reports, presentations, and project updates for managers and cross-functional partners.

Pioneer Services    IT Coordinator   07/2021 to 01/2023

* Supported senior team members with information-technology analysis, documentation, and operational activities.
* Maintained organized records and contributed to process-improvement initiatives.

Education and Training

Master of Science : Information Technology | 2022 | State University, USA

Certification: CompTIA Network+; Award: Outstanding Contribution Award, 2024

Skills

* Systems Administration
* Networking
* Cloud Platforms
* Troubleshooting
* ITSM
* Scripting"
10000045,ENGINEERING,"QUALITY ENGINEER

Name: Marcus Allen
Email: marcus.allen@example.com
GitHub: https://github.com/marcusallen
LinkedIn: https://www.linkedin.com/in/marcusallen/

Summary

Engineering professional with practical experience in design, analysis, testing, and process improvement. Skilled at translating technical requirements into reliable solutions and collaborating with multidisciplinary teams.

Skills

|  |  |
| --- | --- |
| * CAD * Engineering Analysis * Technical Documentation | * Prototyping * Quality Systems * Project Coordination |

Experience

Crestview Technologies    Quality Engineer   02/2023 to Current

* Coordinate and deliver engineering projects and recurring activities while working with internal stakeholders.
* Developed standardized workflows and documentation that improved consistency across routine team processes.
* Prepared detailed reports, presentations, and project updates for managers and cross-functional partners.

Clearwater Labs    Engineering Assistant   07/2021 to 01/2023

* Supported senior team members with engineering analysis, documentation, and operational activities.
* Maintained organized records and contributed to process-improvement initiatives.

Education and Training

Bachelor of Science : Engineering | 2021 | State University, USA

Certification: Engineer-in-Training (EIT)

Skills

* CAD
* Engineering Analysis
* Technical Documentation
* Prototyping
* Quality Systems
* Project Coordination"
10000046,DIGITAL-MEDIA,"GRAPHIC DESIGNER

Name: Zoe Morgan
Email: zoe.morgan@example.com

Summary

Digital media professional experienced in creating visual and multimedia content for web, social, and brand communications. Strong combination of creative production, post-processing, organization, and audience awareness.

Skills

|  |  |
| --- | --- |
| * Adobe Creative Cloud * Video Editing * Graphic Design | * Content Production * Social Media * Digital Storytelling |

Experience

LumenWorks    Graphic Designer   02/2023 to Current

* Coordinate and deliver digital-media projects and recurring activities while working with internal stakeholders.
* Developed standardized workflows and documentation that improved consistency across routine team processes.
* Prepared detailed reports, presentations, and project updates for managers and cross-functional partners.

Evergreen Solutions    Design Intern   07/2021 to 01/2023

* Supported senior team members with digital-media analysis, documentation, and operational activities.
* Maintained organized records and contributed to process-improvement initiatives.

Education and Training

Bachelor of Arts : Digital Media | 2022 | State University, USA

Certification: Adobe Certified Professional; Award: Outstanding Contribution Award, 2024

Skills

* Adobe Creative Cloud
* Video Editing
* Graphic Design
* Content Production
* Social Media
* Digital Storytelling"
10000047,DATA-SCIENCE,"DATA ENGINEER

Name: Daniel Park
Email: daniel.park@example.com

Summary

Data professional with experience preparing datasets, building analytical models, and communicating findings through visualizations and reports. Strong foundation in statistics, Python, SQL, and machine learning workflows.

Skills

|  |  |
| --- | --- |
| * Python * SQL * Statistics | * Pandas * Machine Learning * Data Visualization |

Experience

Oakridge Partners    Data Engineer   02/2023 to Current

* Coordinate and deliver data-science projects and recurring activities while working with internal stakeholders.
* Developed standardized workflows and documentation that improved consistency across routine team processes.
* Prepared detailed reports, presentations, and project updates for managers and cross-functional partners.

Pioneer Services    Data Analyst Intern   07/2021 to 01/2023

* Supported senior team members with data-science analysis, documentation, and operational activities.
* Maintained organized records and contributed to process-improvement initiatives.

Education and Training

Master of Science : Data Science | 2022 | State University, USA

Certification: Google Advanced Data Analytics

Skills

* Python
* SQL
* Statistics
* Pandas
* Machine Learning
* Data Visualization"
10000048,FINANCE,"TREASURY ANALYST

Name: Grace Wilson
Email: grace.wilson@example.com

Summary

Finance professional with experience in financial analysis, reporting, forecasting, and business planning. Strong quantitative skills and practical experience working with financial systems and large spreadsheet models.

Skills

|  |  |
| --- | --- |
| * Excel * Financial Modeling * Forecasting | * Financial Reporting * Budgeting * ERP Systems |

Experience

Silverline Group    Treasury Analyst   02/2023 to Current

* Coordinate and deliver finance projects and recurring activities while working with internal stakeholders.
* Developed standardized workflows and documentation that improved consistency across routine team processes.
* Prepared detailed reports, presentations, and project updates for managers and cross-functional partners.

Clearwater Labs    Finance Assistant   07/2021 to 01/2023

* Supported senior team members with finance analysis, documentation, and operational activities.
* Maintained organized records and contributed to process-improvement initiatives.

Education and Training

Bachelor of Science : Finance | 2021 | State University, USA

Certification: Bloomberg Market Concepts; Award: Outstanding Contribution Award, 2024

Skills

* Excel
* Financial Modeling
* Forecasting
* Financial Reporting
* Budgeting
* ERP Systems"
10000049,HUMAN-RESOURCES,"HR GENERALIST

Name: Olivia Moore
Email: olivia.moore@example.com

Summary

Human Resources professional experienced in employee lifecycle administration, recruiting support, HR systems, and people programs. Strong organizational skills and a practical approach to improving HR processes.

Skills

|  |  |
| --- | --- |
| * Recruiting * HRIS * Onboarding | * Employee Relations * HR Analytics * Microsoft Office |

Experience

Crestview Technologies    HR Generalist   02/2023 to Current

* Coordinate and deliver human-resources projects and recurring activities while working with internal stakeholders.
* Developed standardized workflows and documentation that improved consistency across routine team processes.
* Prepared detailed reports, presentations, and project updates for managers and cross-functional partners.

Evergreen Solutions    HR Assistant   07/2021 to 01/2023

* Supported senior team members with human-resources analysis, documentation, and operational activities.
* Maintained organized records and contributed to process-improvement initiatives.

Education and Training

Bachelor of Arts : Human Resources | 2021 | State University, USA

Certification: SHRM-CP; Volunteer: Community career mentoring

Skills

* Recruiting
* HRIS
* Onboarding
* Employee Relations
* HR Analytics
* Microsoft Office"
10000050,MARKETING,"SEO SPECIALIST

Name: Ethan Walker
Email: ethan.walker@example.com

Summary

Marketing professional with experience supporting integrated campaigns, digital channels, content programs, and marketing analytics. Combines creative communication with quantitative analysis and campaign measurement.

Skills

|  |  |
| --- | --- |
| * Campaign Management * Digital Marketing * Analytics | * Content Strategy * SEO * CRM |

Experience

LumenWorks    SEO Specialist   02/2023 to Current

* Coordinate and deliver marketing projects and recurring activities while working with internal stakeholders.
* Developed standardized workflows and documentation that improved consistency across routine team processes.
* Prepared detailed reports, presentations, and project updates for managers and cross-functional partners.

Pioneer Services    Marketing Intern   07/2021 to 01/2023

* Supported senior team members with marketing analysis, documentation, and operational activities.
* Maintained organized records and contributed to process-improvement initiatives.

Education and Training

Bachelor of Science : Marketing | 2021 | State University, USA

Certification: Google Ads Certification; Award: Outstanding Contribution Award, 2024

Skills

* Campaign Management
* Digital Marketing
* Analytics
* Content Strategy
* SEO
* CRM"
